-- phpMyAdmin SQL Dump
-- version 5.2.0
-- https://www.phpmyadmin.net/
--
-- Host: 127.0.0.1
-- Czas generowania: 11 Gru 2022, 20:03
-- Wersja serwera: 10.4.27-MariaDB
-- Wersja PHP: 8.1.12

SET SQL_MODE = "NO_AUTO_VALUE_ON_ZERO";
START TRANSACTION;
SET time_zone = "+00:00";


/*!40101 SET @OLD_CHARACTER_SET_CLIENT=@@CHARACTER_SET_CLIENT */;
/*!40101 SET @OLD_CHARACTER_SET_RESULTS=@@CHARACTER_SET_RESULTS */;
/*!40101 SET @OLD_COLLATION_CONNECTION=@@COLLATION_CONNECTION */;
/*!40101 SET NAMES utf8mb4 */;

--
-- Baza danych: `personalbudget`
--

-- --------------------------------------------------------

--
-- Struktura tabeli dla tabeli `expenses`
--

CREATE TABLE `expenses` (
  `id` int(11) UNSIGNED NOT NULL,
  `user_id` int(11) UNSIGNED NOT NULL,
  `expense_category_assigned_to_user_id` int(11) UNSIGNED NOT NULL,
  `payment_method_assigned_to_user_id` int(11) UNSIGNED NOT NULL,
  `amount` decimal(8,2) NOT NULL DEFAULT 0.00,
  `date_of_expense` date NOT NULL,
  `expense_comment` varchar(100) NOT NULL
) ENGINE=InnoDB DEFAULT CHARSET=utf8 COLLATE=utf8_polish_ci;

-- --------------------------------------------------------

--
-- Struktura tabeli dla tabeli `expenses_category_assigned_to_users`
--

CREATE TABLE `expenses_category_assigned_to_users` (
  `id` int(11) UNSIGNED NOT NULL,
  `user_id` int(11) UNSIGNED NOT NULL,
  `name` varchar(50) NOT NULL
) ENGINE=InnoDB DEFAULT CHARSET=utf8 COLLATE=utf8_polish_ci;

--
-- Zrzut danych tabeli `expenses_category_assigned_to_users`
--

INSERT INTO `expenses_category_assigned_to_users` (`id`, `user_id`, `name`) VALUES
(1, 1, 'Transport'),
(2, 1, 'Books'),
(3, 1, 'Food'),
(4, 1, 'Apartments'),
(5, 1, 'Telecommunication'),
(6, 1, 'Health'),
(7, 1, 'Clothes'),
(8, 1, 'Hygiene'),
(9, 1, 'Kids'),
(10, 1, 'Recreation'),
(11, 1, 'Trip'),
(12, 1, 'Savings'),
(13, 1, 'For Retirement'),
(14, 1, 'Debt Repayment'),
(15, 1, 'Gift'),
(16, 1, 'Another'),
(17, 2, 'Transport'),
(18, 2, 'Books'),
(19, 2, 'Food'),
(20, 2, 'Apartments'),
(21, 2, 'Telecommunication'),
(22, 2, 'Health'),
(23, 2, 'Clothes'),
(24, 2, 'Hygiene'),
(25, 2, 'Kids'),
(26, 2, 'Recreation'),
(27, 2, 'Trip'),
(28, 2, 'Savings'),
(29, 2, 'For Retirement'),
(30, 2, 'Debt Repayment'),
(31, 2, 'Gift'),
(32, 2, 'Another'),
(48, 3, 'Transport'),
(49, 3, 'Books'),
(50, 3, 'Food'),
(51, 3, 'Apartments'),
(52, 3, 'Telecommunication'),
(53, 3, 'Health'),
(54, 3, 'Clothes'),
(55, 3, 'Hygiene'),
(56, 3, 'Kids'),
(57, 3, 'Recreation'),
(58, 3, 'Trip'),
(59, 3, 'Savings'),
(60, 3, 'For Retirement'),
(61, 3, 'Debt Repayment'),
(62, 3, 'Gift'),
(63, 3, 'Another');

-- --------------------------------------------------------

--
-- Struktura tabeli dla tabeli `expenses_category_default`
--

CREATE TABLE `expenses_category_default` (
  `id` int(11) UNSIGNED NOT NULL,
  `name` varchar(50) NOT NULL
) ENGINE=InnoDB DEFAULT CHARSET=utf8 COLLATE=utf8_polish_ci;

--
-- Zrzut danych tabeli `expenses_category_default`
--

INSERT INTO `expenses_category_default` (`id`, `name`) VALUES
(1, 'Transport'),
(2, 'Books'),
(3, 'Food'),
(4, 'Apartments'),
(5, 'Telecommunication'),
(6, 'Health'),
(7, 'Clothes'),
(8, 'Hygiene'),
(9, 'Kids'),
(10, 'Recreation'),
(11, 'Trip'),
(12, 'Savings'),
(13, 'For Retirement'),
(14, 'Debt Repayment'),
(15, 'Gift'),
(16, 'Another');

-- --------------------------------------------------------

--
-- Struktura tabeli dla tabeli `incomes`
--

CREATE TABLE `incomes` (
  `id` int(11) UNSIGNED NOT NULL,
  `user_id` int(11) UNSIGNED NOT NULL,
  `income_category_assigned_to_user_id` int(11) UNSIGNED NOT NULL,
  `amount` decimal(8,2) NOT NULL DEFAULT 0.00,
  `date_of_income` date NOT NULL,
  `income_comment` varchar(100) NOT NULL
) ENGINE=InnoDB DEFAULT CHARSET=utf8 COLLATE=utf8_polish_ci;

-- --------------------------------------------------------

--
-- Struktura tabeli dla tabeli `incomes_category_assigned_to_users`
--

CREATE TABLE `incomes_category_assigned_to_users` (
  `id` int(11) UNSIGNED NOT NULL,
  `user_id` int(11) UNSIGNED NOT NULL,
  `name` varchar(50) NOT NULL
) ENGINE=InnoDB DEFAULT CHARSET=utf8 COLLATE=utf8_polish_ci;

--
-- Zrzut danych tabeli `incomes_category_assigned_to_users`
--

INSERT INTO `incomes_category_assigned_to_users` (`id`, `user_id`, `name`) VALUES
(1, 1, 'Salary'),
(2, 1, 'Interest'),
(3, 1, 'Allegro'),
(4, 1, 'Another'),
(5, 2, 'Salary'),
(6, 2, 'Interest'),
(7, 2, 'Allegro'),
(8, 2, 'Another'),
(12, 3, 'Salary'),
(13, 3, 'Interest'),
(14, 3, 'Allegro'),
(15, 3, 'Another');

-- --------------------------------------------------------

--
-- Struktura tabeli dla tabeli `incomes_category_default`
--

CREATE TABLE `incomes_category_default` (
  `id` int(11) UNSIGNED NOT NULL,
  `name` varchar(50) NOT NULL
) ENGINE=InnoDB DEFAULT CHARSET=utf8 COLLATE=utf8_polish_ci;

--
-- Zrzut danych tabeli `incomes_category_default`
--

INSERT INTO `incomes_category_default` (`id`, `name`) VALUES
(1, 'Salary'),
(2, 'Interest'),
(3, 'Allegro'),
(4, 'Another');

-- --------------------------------------------------------

--
-- Struktura tabeli dla tabeli `payment_methods_assigned_to_users`
--

CREATE TABLE `payment_methods_assigned_to_users` (
  `id` int(11) UNSIGNED NOT NULL,
  `user_id` int(11) UNSIGNED NOT NULL,
  `name` varchar(50) NOT NULL
) ENGINE=InnoDB DEFAULT CHARSET=utf8 COLLATE=utf8_polish_ci;

--
-- Zrzut danych tabeli `payment_methods_assigned_to_users`
--

INSERT INTO `payment_methods_assigned_to_users` (`id`, `user_id`, `name`) VALUES
(1, 1, 'Cash'),
(2, 1, 'Debit Card'),
(3, 1, 'Credit Card'),
(4, 2, 'Cash'),
(5, 2, 'Debit Card'),
(6, 2, 'Credit Card'),
(7, 3, 'Cash'),
(8, 3, 'Debit Card'),
(9, 3, 'Credit Card');

-- --------------------------------------------------------

--
-- Struktura tabeli dla tabeli `payment_methods_default`
--

CREATE TABLE `payment_methods_default` (
  `id` int(11) UNSIGNED NOT NULL,
  `name` varchar(50) NOT NULL
) ENGINE=InnoDB DEFAULT CHARSET=utf8 COLLATE=utf8_polish_ci;

--
-- Zrzut danych tabeli `payment_methods_default`
--

INSERT INTO `payment_methods_default` (`id`, `name`) VALUES
(1, 'Cash'),
(2, 'Debit Card'),
(3, 'Credit Card');

-- --------------------------------------------------------

--
-- Struktura tabeli dla tabeli `users`
--

CREATE TABLE `users` (
  `id` int(11) UNSIGNED NOT NULL,
  `username` varchar(50) NOT NULL,
  `password` varchar(255) NOT NULL,
  `email` varchar(50) NOT NULL
) ENGINE=InnoDB DEFAULT CHARSET=utf8 COLLATE=utf8_polish_ci;

--
-- Zrzut danych tabeli `users`
--

INSERT INTO `users` (`id`, `username`, `password`, `email`) VALUES
(2, 'Pawel', '$2y$10$JMy7dEYe1tLApykVNxGEyurxTcEHAuyMEb8bThNkgBwgl8PviE18y', 'pawel.burci@wp.pl'),
(3, 'Kamil', '$2y$10$gPhL.NmEv7tbjSfsrXN7l.KKZcFd6tQmiejfarjlcDXvYN9EmbeLa', 'kamilll149@interia.pl');

--
-- Indeksy dla zrzutów tabel
--

--
-- Indeksy dla tabeli `expenses`
--
ALTER TABLE `expenses`
  ADD PRIMARY KEY (`id`);

--
-- Indeksy dla tabeli `expenses_category_assigned_to_users`
--
ALTER TABLE `expenses_category_assigned_to_users`
  ADD PRIMARY KEY (`id`);

--
-- Indeksy dla tabeli `expenses_category_default`
--
ALTER TABLE `expenses_category_default`
  ADD PRIMARY KEY (`id`);

--
-- Indeksy dla tabeli `incomes`
--
ALTER TABLE `incomes`
  ADD PRIMARY KEY (`id`);

--
-- Indeksy dla tabeli `incomes_category_assigned_to_users`
--
ALTER TABLE `incomes_category_assigned_to_users`
  ADD PRIMARY KEY (`id`);

--
-- Indeksy dla tabeli `incomes_category_default`
--
ALTER TABLE `incomes_category_default`
  ADD PRIMARY KEY (`id`);

--
-- Indeksy dla tabeli `payment_methods_assigned_to_users`
--
ALTER TABLE `payment_methods_assigned_to_users`
  ADD PRIMARY KEY (`id`);

--
-- Indeksy dla tabeli `payment_methods_default`
--
ALTER TABLE `payment_methods_default`
  ADD PRIMARY KEY (`id`);

--
-- Indeksy dla tabeli `users`
--
ALTER TABLE `users`
  ADD PRIMARY KEY (`id`);

--
-- AUTO_INCREMENT dla zrzuconych tabel
--

--
-- AUTO_INCREMENT dla tabeli `expenses`
--
ALTER TABLE `expenses`
  MODIFY `id` int(11) UNSIGNED NOT NULL AUTO_INCREMENT;

--
-- AUTO_INCREMENT dla tabeli `expenses_category_assigned_to_users`
--
ALTER TABLE `expenses_category_assigned_to_users`
  MODIFY `id` int(11) UNSIGNED NOT NULL AUTO_INCREMENT, AUTO_INCREMENT=79;

--
-- AUTO_INCREMENT dla tabeli `expenses_category_default`
--
ALTER TABLE `expenses_category_default`
  MODIFY `id` int(11) UNSIGNED NOT NULL AUTO_INCREMENT, AUTO_INCREMENT=17;

--
-- AUTO_INCREMENT dla tabeli `incomes`
--
ALTER TABLE `incomes`
  MODIFY `id` int(11) UNSIGNED NOT NULL AUTO_INCREMENT;

--
-- AUTO_INCREMENT dla tabeli `incomes_category_assigned_to_users`
--
ALTER TABLE `incomes_category_assigned_to_users`
  MODIFY `id` int(11) UNSIGNED NOT NULL AUTO_INCREMENT, AUTO_INCREMENT=19;

--
-- AUTO_INCREMENT dla tabeli `incomes_category_default`
--
ALTER TABLE `incomes_category_default`
  MODIFY `id` int(11) UNSIGNED NOT NULL AUTO_INCREMENT, AUTO_INCREMENT=5;

--
-- AUTO_INCREMENT dla tabeli `payment_methods_assigned_to_users`
--
ALTER TABLE `payment_methods_assigned_to_users`
  MODIFY `id` int(11) UNSIGNED NOT NULL AUTO_INCREMENT, AUTO_INCREMENT=10;

--
-- AUTO_INCREMENT dla tabeli `payment_methods_default`
--
ALTER TABLE `payment_methods_default`
  MODIFY `id` int(11) UNSIGNED NOT NULL AUTO_INCREMENT, AUTO_INCREMENT=4;

--
-- AUTO_INCREMENT dla tabeli `users`
--
ALTER TABLE `users`
  MODIFY `id` int(11) UNSIGNED NOT NULL AUTO_INCREMENT, AUTO_INCREMENT=4;
COMMIT;

/*!40101 SET CHARACTER_SET_CLIENT=@OLD_CHARACTER_SET_CLIENT */;
/*!40101 SET CHARACTER_SET_RESULTS=@OLD_CHARACTER_SET_RESULTS */;
/*!40101 SET COLLATION_CONNECTION=@OLD_COLLATION_CONNECTION */;
